Time,Radius
0.0021350383758544,176
0.001983642578125,187
0.0020005702972412,161
0.0025150775909423,133
0.0021116733551025,121
0.0042269229888916,132
0.004122257232666,121
0.0010030269622802,207
0.0010018348693847,161
0.0009989738464355,159
0.0020108222961425,155
0.0010020732879638672,92
